N,Iterative,Dynamic Programming,Recursive
1,0.000000,0.000000,0.000000
6,0.000000,0.000000,0.000000
11,0.000000,0.000000,0.000000
16,0.000000,0.000000,0.000000
21,0.000000,0.000000,0.000000
26,0.000000,0.000000,0.001000
31,0.000000,0.000000,0.017000
36,0.000000,0.000000,0.175000
